id,firstname,lastname,email,country
1000,Tami,Buckler,Tami.Buckler@yopmail.com,Nauru
1001,Layla,McNully,Layla.McNully@yopmail.com,Fiji
1002,Maud,Daegal,Maud.Daegal@yopmail.com,Vanuatu
1003,Helsa,Friede,Helsa.Friede@yopmail.com,Zambia
1004,Tilly,Lory,Tilly.Lory@yopmail.com,Bhutan
1005,Pierette,Carleen,Pierette.Carleen@yopmail.com,Croatia
1006,Rhoda,Fulmer,Rhoda.Fulmer@yopmail.com,United States Minor Outlying Islands
1007,Harrietta,Jalbert,Harrietta.Jalbert@yopmail.com,Qatar
1008,Etta,Federica,Etta.Federica@yopmail.com,Hungary
1009,Nicoli,Wolfgram,Nicoli.Wolfgram@yopmail.com,Turks and Caicos Islands
1010,Corene,Tomasina,Corene.Tomasina@yopmail.com,Guernsey
1011,Dania,Leary,Dania.Leary@yopmail.com,"Korea, Republic of"
1012,Sadie,Sabella,Sadie.Sabella@yopmail.com,Singapore
1013,Libbie,Shirberg,Libbie.Shirberg@yopmail.com,India
1014,Sashenka,Adamsen,Sashenka.Adamsen@yopmail.com,Montserrat


